mean_reward,std_reward,mean_steps,mean_checkpoints,collision_rate,mean_speed,best_reward,worst_reward,name,type
79.49160766601562,0.0,400.0,32.0,0.0,129.03671264648438,79.49160766601562,79.49160766601562,ppo_fast_v3_playable,sb3
-7.0944623947143555,4.76837158203125e-07,90.0,3.0,1.0,66.42591094970703,-7.094462871551514,-7.094462871551514,sac_fast_v3_playable,sb3
-7.073741912841797,0.0015269465511664748,92.0,3.0,1.0,64.20257568359375,-7.069698333740234,-7.083582401275635,sac_balanced_v3_playable,sb3
-8.4517183303833,4.216319211991504e-05,63.0,2.0,1.0,71.8342056274414,-8.451679229736328,-8.452012062072754,rule_based_tuned_v3_playable,rule
-7.991223335266113,1.2157608270645142,91.36000061035156,2.700000047683716,1.0,65.26607513427734,-6.920286655426025,-10.133367538452148,random,random
