mean_reward,std_reward,mean_steps,mean_checkpoints,collision_rate,mean_speed,best_reward,worst_reward,name,type
0.8583552837371826,5.960464477539063e-08,1000.0,88.0,0.0,128.58355712890625,0.8583552241325378,0.8583552241325378,ppo_fast_default_playable,sb3
-20.4649600982666,0.0026455691549926996,92.0,3.0,1.0,64.5630874633789,-20.457763671875,-20.48206901550293,sac_fast_default_playable,sb3
-17.369125366210938,0.0008782652439549565,61.0,2.0,1.0,75.37447357177734,-17.368066787719727,-17.375200271606445,rule_based_tuned_default_playable,rule
-20.63010025024414,0.5500005483627319,91.66000366210938,2.819999933242798,1.0,65.53002166748047,-19.653228759765625,-22.180660247802734,random,random
