mean_reward,std_reward,mean_steps,mean_checkpoints,collision_rate,mean_speed,best_reward,worst_reward,name,type
62.21438980102539,0.0,800.0,34.0,0.0,72.59101104736328,62.21438980102539,62.21438980102539,ppo_fast_complex,sb3
-5.513486385345459,0.0001113960170187056,104.0,3.0,1.0,69.01049041748047,-5.513381481170654,-5.514261245727539,sac_fast_complex,sb3
-4.97382926940918,4.76837158203125e-07,83.0,3.0,1.0,83.90960693359375,-4.9738287925720215,-4.9738287925720215,rule_based_tuned_complex,rule
-5.590897083282471,0.12257616966962814,105.94000244140625,3.0,1.0,67.95851135253906,-5.299678325653076,-5.854849815368652,random,random
